Lema,Frecuencia
medios,25
más,22
Nuevas,21
formación,21
tecnologías,19
comunicación,18
Tecnologías,16
En,14
enseñanza,14
cambios,13
aprendizaje,13
nuevas,12
sociedad,12
información,11
Las,11
La,11
educación,11
profesor,11
escuela,11
forma,10
alumnos,9
actitudes,9
parte,8
Internet,8
siglo,7
están,7
Ortega,7
también,7
si,7
proceso,7
sino,7
ser,7
El,7
hacia,7
tipo,7
cualquier,6
instituciones,6
contenidos,6
recursos,6
Pedagogía.,6
desarrollo,6
práctica,6
diferentes,6
"medios,",6
medio,6
uso,6
Ed.,6
transformaciones,5
introducción,5
puede,5
instrumentos,5
Y,5
entorno,5
papel,5
Es,5
evidente,5
relaciones,5
educativo,5
“Nuevas,5
Ciencias,5
planes,5
Los,5
conocimiento,5
posibilidades,5
etc.,5
cada,5
J.,5
alfabetización,5
tecnológica,5
nuevos,5
dentro,5
curriculum,5
tener,5
debe,5
docente,5
nuevo,5
trabajo,5
cosas,4
sociales,4
(2004),4
pueden,4
"educación,",4
fundamental,4
No,4
instrumento,4
modelos,4
"sociedad,",4
sistema,4
Cabero,4
didácticos,4
especialmente,4
todas,4
alumnos/as,4
deben,4
utilización,4
educativa,4
"Pérez,",4
R.,4
estudios,4
"Tecnologías,",4
